name,last_name,salary,team
"McCann, Brian",McCann,17000000,Astros
"Beltran, Carlos",Beltran,16000000,Astros
"Gurriel, Yulieski",Gurriel,14400000,Astros
"Reddick, Josh",Reddick,13000000,Astros
"Keuchel, Dallas",Keuchel,9150000,Astros
"Morton, Charlie",Morton,7000000,Astros
"Gregerson, Luke",Gregerson,6250000,Astros
"Sipp, Tony",Sipp,6000000,Astros
"Aoki, Nori",Aoki,5500000,Astros
"Gattis, Evan",Gattis,5200000,Astros
"Altuve, Jose",Altuve,4687500,Astros
"Springer, George",Springer,3900000,Astros
"McHugh, Collin",McHugh,3850000,Astros
"Gonzalez, Marwin",Gonzalez,3725000,Astros
"Fiers, Michael",Fiers,3450000,Astros
"Harris, Will",Harris,2200000,Astros
"Marisnick, Jake",Marisnick,1100000,Astros
"Devenski, Chris",Devenski,554500,Astros
"Giles, Ken",Giles,550100,Astros
"McCullers Jr., Lance",McCullers Jr.,548000,Astros
"Feliz, Michael",Feliz,546200,Astros
"Musgrove, Joe",Musgrove,543400,Astros
"Peacock, Brad",Peacock,541500,Astros
"Bregman, Alex",Bregman,539400,Astros
"Gustave, Jandel",Gustave,537200,Astros
"Paulino, David",Paulino,536100,Astros
"Correa, Carlos",Correa,535000,Astros
"Singleton, Jonathan",Singleton,2000000,Astros
"Kershaw, Clayton",Kershaw,35571429,Dodgers
"Gonzalez, Adrian",Gonzalez,22357143,Dodgers
"Kazmir, Scott",Kazmir,17666667,Dodgers
"Ethier, Andre",Ethier,17500000,Dodgers
"Turner, Justin",Turner,13000000,Dodgers
"Hill, Rich",Hill,12666667,Dodgers
"McCarthy, Brandon",McCarthy,11500000,Dodgers
"Jansen, Kenley",Jansen,11333333,Dodgers
"Puig, Yasiel",Puig,8214286,Dodgers
"Ryu, Hyun-Jin",Ryu,7833333,Dodgers
"Forsythe, Logan",Forsythe,7000000,Dodgers
"Grandal, Yasmani",Grandal,5500000,Dodgers
"Maeda, Kenta",Maeda,3125000,Dodgers
"Romo, Sergio",Romo,3000000,Dodgers
"Wood, Alex",Wood,2800000,Dodgers
"Gutierrez, Franklin",Gutierrez,2600000,Dodgers
"Utley, Chase",Utley,2000000,Dodgers
"Avilan, Luis",Avilan,1500000,Dodgers
"Van Slyke, Scott",Van Slyke,1325000,Dodgers
"Hatcher, Chris",Hatcher,1250000,Dodgers
"Seager, Corey",Seager,575000,Dodgers
"Hernandez, Enrique",Hernandez,555000,Dodgers
"Pederson, Joc",Pederson,555000,Dodgers
"Garcia, Yimi",Garcia,555000,Dodgers
"Baez, Pedro",Baez,550000,Dodgers
"Ravin, Josh",Ravin,545000,Dodgers
"Barnes, Austin",Barnes,540000,Dodgers
"Dayton, Grant",Dayton,540000,Dodgers
"Stripling, Ross",Stripling,540000,Dodgers
"Toles, Andrew",Toles,540000,Dodgers
"Stewart, Brock",Stewart,537500,Dodgers
"Toscano, Dian",Toscano,1600000,Dodgers
"Crawford, Carl",Crawford,21857143,Dodgers
"Guerrero, Alexander",Guerrero,7500000,Dodgers
"Olivera, Hector",Olivera,4666666,Dodgers
"Sierra, Yaisel",Sierra,3500000,Dodgers
"Arruebarruena, Erisbel",Arruebarruena,5500000,Dodgers
"Kemp, Matt",Kemp,2750000,Dodgers
